method,layout_id,budget,diagnosis_seed,protocol,feature_set,lambda_loc,metrics_file,evidence_status,can_enter_formal_main_table,writing_use,boundary_note
Degree,degree_N25,25,42,IE420+normal20,raw_plus_residual,0.5,E:\11.16\script2_new\outputs\reports\last_run_metrics_48h_control_ie420_normal20_raw_plus_residual_loc0p5_degree_N25_s42.json,formal_fixed_protocol,yes,Chapter 5 fixed-protocol reference baseline,N25 seed42 complete
Cand-Obs,candidate_observability_N25,25,42,IE420+normal20,raw_plus_residual,0.5,E:\11.16\script2_new\outputs\reports\last_run_metrics_ch5_fixed_candidate_observability_N25_normal20_rawres_loc0p5_s42.json,formal_fixed_protocol,yes,Task-driven baseline,N25 seed42 complete
Two-stage v1,two_stage_balanced_layout_v1_N25,25,42,IE420+normal20,raw_plus_residual,0.5,E:\11.16\script2_new\outputs\reports\last_run_metrics_ch5_fixed_two_stage_balanced_layout_v1_N25_normal20_rawres_loc0p5_s42.json,formal_fixed_protocol,yes,Task-driven optimization,N25 seed42 complete
Node-Feedback (val),v0_scenario_val_N25,25,42,IE420+normal20,raw_plus_residual,0.5,E:\11.16\script2_new\outputs\reports\last_run_metrics_ch5_fixed_nf_val_N25_normal20_rawres_loc0p5_s42.json,formal_fixed_protocol,yes,External feedback node-level (val-based),N25 3-seed complete
Embedding-Guided-new,embedding_guided_clean_fixed_N25,25,42,IE420+normal20,raw_plus_residual,0.5,E:\11.16\script2_new\outputs\reports\last_run_metrics_ch5_fixed_embedding_guided_clean_new_N25_normal20_rawres_loc0p5_s42.json,formal_fixed_protocol,yes,Internal embedding guided,N25 3-seed complete
Degree,degree_N5,5,42,IE420+normal20,raw_plus_residual,0.5,E:\11.16\script2_new\outputs\reports\last_run_metrics_48h_layout_degree_N5_raw_plus_residual_loc0p5_s42.json,budget_path_existing,pending_retrain,Existing budget evidence,Pending new-protocol N5 retrain
Degree,degree_N10,10,42,IE420+normal20,raw_plus_residual,0.5,E:\11.16\script2_new\outputs\reports\last_run_metrics_48h_layout_degree_N10_raw_plus_residual_loc0p5_s42.json,budget_path_existing,pending_retrain,Existing budget evidence,Pending new-protocol N10 retrain
Degree,degree_N15,15,42,IE420+normal20,raw_plus_residual,0.5,E:\11.16\script2_new\outputs\reports\last_run_metrics_48h_layout_degree_N15_raw_plus_residual_loc0p5_s42.json,budget_path_existing,pending_retrain,Existing budget evidence,Pending new-protocol N15 retrain
Degree,degree_N20,20,42,IE420+normal20,raw_plus_residual,0.5,E:\11.16\script2_new\outputs\reports\last_run_metrics_48h_layout_degree_N20_raw_plus_residual_loc0p5_s42.json,budget_path_existing,pending_retrain,Existing budget evidence,Pending new-protocol N20 retrain
