node_id,active_max_energy,active_mean_energy,x_km,y_km
HS1306601,4.7608727902364345,4.724377869061635,0.8052480000000214,1.0246610000000218
HS1308259,4.491682475462904,4.425840517007066,1.6401220000000902,1.4348209999999963
HS1308301,3.4437728173264657,3.3186703854963073,1.2381770000000252,1.2356780000000145
MH0201629,3.174250701779123,2.8917355700983536,0.0,0.9649089999999851
MH0201710,3.077792370354228,2.8055613067951204,0.18582600000000093,0.61399099999998
HS1316334,1.8383560620435895,1.2049285012998134,1.796652000000002,0.6167170000000042
HS1316207,1.5116661923669972,1.3412669375233506,1.6575090000000783,1.1818900000000139
MH0242303,1.3352960216832428,1.2457107878014684,1.190423000000068,1.3705800000000163
MH0242298,1.2828147297431702,1.1869072345973117,1.2153530000000028,1.2994220000000205
MH0241587,1.2014025671498643,1.105128344062088,1.351877000000095,0.7626659999999683
HS1316302,1.101779448159933,0.8143789783643115,1.7350550000000513,0.721679999999993
HS1316267,1.0641691165210105,0.6291880099784319,1.6271380000000355,0.8958420000000042
HS1308324,0.9518470809893881,0.8672410966238782,1.5179949999999953,1.3706410000000033
HS1311284,0.9005050064423233,0.8078449937370441,0.9995610000001034,0.20769000000000232
HS1311288,0.7657428754029488,0.6715519223420343,1.145066000000108,0.25674599999998465
HS1306571,0.35624183162788015,0.2609270788994937,0.5583500000000932,0.9042299999999813
HS1314512,0.3464035931611405,0.31900502792345575,1.2666750000000466,1.504402999999991
HS1306471,0.3408411144593239,0.30290107087672896,1.871606000000029,1.5753420000000042
HS1316671,0.15354878328058175,0.12822768818789793,2.1974610000000103,0.9335310000000172
HS1313283,0.13531965130956894,0.07277894208470072,1.151578000000096,0.29766300000000046
HS1316417,0.10761320186740353,0.09024016532983965,1.4682880000000587,0.8439479999999748
HS1316415,0.09146287968674272,0.07592080455393935,1.6650070000000996,0.9300599999999977
HS1316396,0.052964051248124096,0.04323453545823006,1.7231220000000904,0.9343709999999846
HS1314769,0.04947682996107113,0.03219887466675138,0.965234000000055,1.4030779999999796
HS2003015,0.04116311217981066,0.026177614299938232,0.884298000000068,1.3761879999999655
HS1314477,0.023516107706514914,0.018965617874951175,1.371252000000095,1.5323269999999902
MH0100819,0.022700714479984774,0.017847070150085527,0.8608810000000522,1.7002909999999682
MH0242782,0.01291733821166235,0.000543136179793917,2.205585000000079,0.927725999999966
HS2003014,0.011080541141210954,0.0004891269957934067,0.9275720000000438,1.4100509999999777
HS1313487,0.009030207480885157,0.007525307726595771,1.171710000000079,0.5275659999999917
HS1313865,0.0083493095498314,0.006973815885088611,1.29825,0.7330719999999855
HS1313839,0.0072721136630647006,0.005975917570968737,1.4441710000000894,0.8049089999999851
HS2003085,0.006247243451528336,0.004439086253884433,0.3635210000000661,1.1987179999999935
MH0258475,0.005767001475526319,0.00037071401963203673,2.316451000000001,1.103283999999985
HS1313925,0.004988609402583717,0.003958765917837979,1.4398450000000884,0.6548769999999786
HS1316445,0.0019625955584834072,0.0002809301359828114,1.6083550000000977,1.1087029999999796
HS2003046,0.0012918068188486414,0.0002815529051806353,0.6359320000000298,1.29086599999998
HS1317102,0.001194673186733275,0.00032167847252947393,0.9699440000000177,0.42503100000001726
HS1306904,0.0011901141051805933,0.00027396749361166615,1.0040630000000819,1.1209689999999828
VP0232532,0.0011637423678980648,0.0002589654054417026,0.4785140000000829,0.0
HS1316202,0.0010746707142011448,0.0002466046666153896,1.5910250000000232,1.1521269999999786
HS1308302,0.001073993175986203,0.000259870925770308,1.286414000000106,1.2581419999999925
HS1316177,0.0010431024402923921,0.0002584051888250528,1.4983200000000652,1.114960000000021
HS1314237,0.0010180644236372246,0.00023266745178686892,0.3203150000000605,0.9573129999999656
HS1313044,0.0010148717841023229,0.00027410668121693375,0.7480910000000149,0.4623449999999721
HS1313391,0.0010137652346486514,0.00024702090241057723,0.9994580000001005,0.8746940000000177
HS1313123,0.0010071276837174106,0.0002178463524403648,0.6688800000000047,0.43169000000000235
HS1316532,0.001005222596013473,0.00021690361187326257,1.6700090000000782,1.1696840000000084
HS1313794,0.0009948877932150415,0.0002182808482748376,1.231639000000083,0.9852459999999846
HS1344902,0.0009923365518325054,0.0002209681857242612,2.2106940000000175,1.2295920000000042
HS1314268,0.00099105788459197,0.00024075939596625653,0.2168390000000363,1.0864670000000043
HS1316892,0.0009888062344019183,0.0002136925110692799,2.092810000000056,1.2713190000000176
HS1318293,0.0009837696139315425,0.0002228415466785974,0.6445740000000224,0.7044990000000108
HS1313415,0.0009809094217435497,0.00024434694806826007,1.0575360000000802,0.7598740000000107
HS1313965,0.0009807331311897955,0.00021644897459730143,1.6452860000000802,0.5554419999999809
HS1313343,0.0009750490740804836,0.00025900035858190425,0.27593800000008195,0.5257880000000005
HS1313220,0.0009732887843026894,0.0002037664308504157,0.8412110000000103,0.9442829999999958
HS1313569,0.0009727817518902862,0.0002169056052205775,1.1896500000000232,0.8252299999999814
HS2003111,0.0009727687670470098,0.0002745132592437539,0.19495800000010058,1.1426290000000154
HS1313140,0.0009720917668043994,0.00029125840879294754,0.9461110000000336,0.5601919999999809
HS1313803,0.0009711264008169067,0.00028807938838695227,1.1459170000000158,0.9448479999999981
HS1313026,0.0009692808567940461,0.00021489628600779209,0.9225460000000895,0.4061119999999646
HS1316849,0.0009677252768577971,0.00021649823462979067,1.9503870000001042,1.275871999999974
HS1313740,0.000961943656388246,0.0002286877879060236,1.3402420000000856,0.7841699999999837
HS1313534,0.000960917567945385,0.00023778878817354993,1.1358910000000615,0.6524199999999837
HS1344263,0.0009602439311276545,0.0002851390440764808,2.0766660000000847,0.7692870000000112
HS1316814,0.0009596764606021739,0.000208920701703567,2.049475000000093,1.381386999999988
HS1316676,0.0009584083150126854,0.0002928943295842503,2.064304000000004,1.0601969999999856
HS1316721,0.0009526338623403226,0.0002065168424172925,1.8148090000000083,1.2890889999999782
HS1313025,0.0009524472692435514,0.00021062656222084247,0.7930850000000792,0.35615299999999117
HS1313290,0.000948412499712007,0.00021934396750053158,0.5959750000000932,0.6809130000000004
HS1316835,0.0009470266424856051,0.0002116292480976355,1.9914050000000278,1.320130999999994
HS1344920,0.0009466185711841629,0.00024650461039854815,0.6199350000000559,0.4211259999999893
HS1344159,0.0009445841453232084,0.0002185861386499566,1.3982430000000168,1.0661589999999852
HS1313676,0.000944283775955652,0.00022677379714995305,0.5933370000000577,0.4741460000000079
HS2003070,0.000943292265991446,0.0002075481073616647,0.4993150000000605,1.2421639999999898
HS1316786,0.0009427433830094934,0.00021325008918774297,1.7805800000000744,1.2527629999999772
HS1324403,0.0009421665748317401,0.00022004749557870623,0.7147240000000457,0.5372899999999791
HS1314505,0.0009403219878433931,0.00023416375261342548,1.1557090000000316,1.4661859999999869
1,0.0009389791223391766,0.00019624025116537285,1.3872020000000485,1.5861840000000085
HS1313640,0.0009373438192009824,0.00021234681170993343,1.4498360000000103,0.5842719999999972
MH0200661,0.0009368498845569323,0.00022678844239354165,0.3354960000000428,0.29081599999999164
HS2003023,0.0009361628554606417,0.0002043709585834038,0.7744800000000978,1.3373360000000103
HS1316566,0.0009339944600486914,0.0002417189317630247,1.869328000000096,0.9726259999999893
HS1316726,0.0009328777415101322,0.00021213546810414205,1.803249000000069,1.2988790000000154
HS1316677,0.000931664394379841,0.0002709129967843945,2.047077000000048,1.075545999999973
HS1313597,0.0009296924741090451,0.00022284790444813355,1.2930290000000968,0.8699419999999809
HS1330842,0.0009255284945025441,0.000219131963649733,0.4837310000000289,1.10299099999998
HS1316585,0.0009254302649337386,0.00021717437820305025,1.9503180000000866,0.8942519999999786
HS1313205,0.0009252083575546735,0.00023122206973035596,0.895938000000082,0.8220590000000084
HS1313167,0.0009221222037652813,0.0002497737749082691,1.00651800000004,0.5960779999999795
HS1316467,0.0009220267409563679,0.00020733444708319478,1.9741300000000046,1.1412799999999697
HS1316643,0.0009213502616437898,0.00025124788443712956,2.083073000000091,1.042078999999969
HS1313083,0.0009186708043432235,0.0002669219742028018,0.472954000000027,0.34890299999999114
HS1316707,0.0009157122604331023,0.00027567924663244426,1.894594000000041,1.2149710000000196
YS2003067,0.0009145050553020395,0.00022042604669364796,0.46819200000003913,1.2334600000000209
HS1313959,0.0009143579729919683,0.00022272253773188323,1.5515550000000513,0.7127100000000209
HS1306554,0.0009142597226038614,0.00022004138291014015,0.36936999999999537,0.8108759999999893
HS1313298,0.0009075271001571594,0.0002299978308367141,0.5362989999999991,0.6515739999999641
HS1316344,0.0009073831111272281,0.00022259432667094865,1.5238040000000037,0.8441749999999884
MH0101924,0.0009054839291361281,0.00022136361608513755,1.1872700000000187,0.7612679999999818
HS1311339,0.0009051483301843668,0.00021264114267509246,1.7876310000000522,0.5954400000000023
HS1316563,0.0009031108459495908,0.00024408478802616558,1.8401840000000085,1.0008649999999908
HS2003125,0.0009028028557212247,0.00022123284022166812,0.09628800000005867,1.1082490000000107
HS1311475,0.0009020260790377559,0.00022749681298654163,0.6863010000000941,0.0953169999999809
HS1330826,0.0009019688895587524,0.00022585167086763377,0.5161600000000326,0.9238059999999823
HS1316811,0.0009015441294459203,0.00022653869399733917,1.9844740000000456,1.4724560000000055
MH0201597,0.0009008555155907323,0.00021929946655981373,0.1435700000000652,0.7004249999999883
HS1316010,0.0009001111898791297,0.00022482099734380775,1.5467420000000858,0.6299349999999977
HS1313402,0.0008998422078834721,0.00022606851654892582,1.0988050000000513,0.921744000000006
HS1311473,0.0008995118137769118,0.00020233912663655219,0.6989120000000112,0.08965700000000652
HS1311887,0.0008988239557914419,0.00022114443626620138,1.385060000000056,0.3907509999999893
HS1311349,0.0008987621044367391,0.00021841332350866927,2.0588760000000477,0.7572430000000168
HS1313835,0.0008983313072696039,0.00021877609859752357,1.3478170000000391,1.0425580000000192
HS1313001,0.0008977658931228837,0.0002202658056482367,0.8708390000000363,0.16225799999997254
HS1344166,0.0008977329324273291,0.0002226690075863383,0.34554800000006797,0.29575
HS1313618,0.0008974884671807157,0.0002186443310679008,1.503560000000056,0.4774919999999693
HS1313613,0.0008971316956575366,0.00021865756261820948,1.3652390000000596,0.9110129999999772
HS1316530,0.0008971307356777617,0.00021828697892120608,1.6280410000000847,1.218179999999993
HS1314210,0.0008971207277557007,0.00021935024323242315,0.406627000000095,0.8550100000000093
MH0100334,0.0008921813518826562,0.0002330669839536221,1.2745990000000456,0.5874280000000144
HS1313508,0.0008849584053646985,0.00018945087586700164,1.0765250000000233,0.4852490000000107
HS2003013,0.0008584387032272018,0.00019360245714919745,0.9226300000000046,1.3891479999999865
HS1313253,0.0008293123954590846,0.00019537541895415334,1.0681160000000383,0.4681560000000172
HS1313471,0.0008220158865140309,0.00019974094875173119,1.2493580000000075,0.5670669999999809
MH0100292,0.00051104877370377,0.00015330995990725407,1.2165690000000178,0.6950189999999711
HS1316554,0.0,0.0,1.7808390000000363,1.0580619999999763
HS1344261,0.0,0.0,1.7772400000001072,0.7466309999999939
