scenario_id,defect_type,true_node,start_hour,duration_h,flow,abs_flow,time_to_peak_hours,dominant_hop_band,peak_response_index,peak_exceedance_rate,flow_rank_pct,peak_phase
1,I,HS1313402,8,12,61.7252,61.7252,5.666667,3+-hop,4.550631386902505,0.14655172413793102,0.932,2-6 h
2,I,HS1313402,20,18,51.4377,51.4377,4.666667,3+-hop,4.373546131249538,0.12931034482758622,0.912,2-6 h
3,I,HS1313402,20,12,61.7252,61.7252,5.833333,3+-hop,5.225274074680204,0.13793103448275862,0.932,2-6 h
4,I,HS1313402,2,18,61.7252,61.7252,0.833333,3+-hop,5.214041948297753,0.13793103448275862,0.932,0-2 h
5,I,HS1313402,8,12,41.1501,41.1501,7.0,3+-hop,3.100201171674185,0.13793103448275862,0.88,6-12 h
6,I,MH0258475,8,24,1.6652,1.6652,13.0,3+-hop,0.2590738585939037,0.016,0.16,12+ h
7,I,MH0258475,8,12,1.1101,1.1101,6.333333,3+-hop,0.16543930664713524,0.008,0.094,6-12 h
8,I,MH0258475,2,12,1.1101,1.1101,3.833333,3+-hop,0.19856722380412978,0.0,0.094,2-6 h
9,I,MH0258475,20,24,1.3876,1.3876,10.5,3+-hop,0.22148961021591612,0.008,0.122,6-12 h
10,I,MH0258475,20,12,1.3876,1.3876,10.5,3+-hop,0.22148961021591612,0.008,0.122,6-12 h
11,I,VP0232532,14,6,0.8664,0.8664,4.166667,2-hop,0.15141288949706072,0.0,0.066,2-6 h
12,I,VP0232532,20,6,0.8664,0.8664,5.0,2-hop,0.1537745385252306,0.0,0.066,2-6 h
13,I,VP0232532,2,6,0.5776,0.5776,5.166667,2-hop,0.121093709433775,0.0,0.026,2-6 h
14,I,VP0232532,14,6,0.5776,0.5776,3.833333,2-hop,0.11118446093884626,0.0,0.026,2-6 h
15,I,VP0232532,14,24,0.722,0.722,3.666667,2-hop,0.13648555539867466,0.0,0.032,2-6 h
16,I,MH0201629,20,6,4.1913,4.1913,3.333333,0-hop,3.215861788663985,1.0,0.384,2-6 h
17,I,MH0201629,14,6,4.1913,4.1913,4.166667,0-hop,1.9251371554377115,1.0,0.384,2-6 h
18,I,MH0201629,8,18,2.7942,2.7942,13.666667,0-hop,1.7215723686873328,1.0,0.278,12+ h
19,I,MH0201629,8,12,4.1913,4.1913,6.666667,0-hop,2.051286235530481,1.0,0.384,6-12 h
20,I,MH0201629,20,6,2.7942,2.7942,3.166667,0-hop,2.1827572115868077,1.0,0.278,2-6 h
21,I,HS1308259,2,24,6.1481,6.1481,0.0,2-hop,0.8023036564745313,0.3333333333333333,0.492,0-2 h
22,I,HS1308259,2,12,7.3777,7.3777,0.0,2-hop,0.9555304324648993,0.3333333333333333,0.524,0-2 h
23,I,HS1308259,14,24,4.9184,4.9184,13.166667,2-hop,0.8680922444883664,0.3333333333333333,0.448,12+ h
24,I,HS1308259,14,18,7.3777,7.3777,13.166667,2-hop,1.19712754066927,0.3333333333333333,0.524,12+ h
25,I,HS1308259,2,18,7.3777,7.3777,0.0,2-hop,0.9555304324648993,0.3333333333333333,0.524,0-2 h
26,I,HS1311339,2,18,3.6022,3.6022,11.166667,3+-hop,0.4451800202019237,0.04032258064516129,0.366,6-12 h
27,I,HS1311339,14,6,3.0019,3.0019,1.333333,3+-hop,0.3677084280578242,0.024193548387096774,0.308,0-2 h
28,I,HS1311339,8,18,2.4015,2.4015,5.0,3+-hop,0.29509982773224525,0.024193548387096774,0.23,2-6 h
29,I,HS1311339,2,12,2.4015,2.4015,11.0,3+-hop,0.2944106896759158,0.024193548387096774,0.23,6-12 h
30,I,HS1311339,8,6,3.6022,3.6022,5.166667,3+-hop,0.4435666815709153,0.04032258064516129,0.366,2-6 h
31,I,HS1311288,20,6,0.2158,0.2158,2.666667,3+-hop,0.0340065690857775,0.0,0.018,2-6 h
32,I,HS1311288,14,24,0.1798,0.1798,3.666667,1-hop,0.043500883366525224,0.0,0.01,2-6 h
33,I,HS1311288,8,6,0.1798,0.1798,5.0,1-hop,0.03882714040419149,0.0,0.01,2-6 h
34,I,HS1311288,2,18,0.2158,0.2158,13.0,1-hop,0.06211990149751213,0.0,0.018,12+ h
35,I,HS1311288,14,24,0.1439,0.1439,3.666667,1-hop,0.034861049622949246,0.0,0.004,2-6 h
36,I,HS1313298,8,12,12.8103,12.8103,11.5,1-hop,4.331747562213392,0.3333333333333333,0.612,6-12 h
37,I,HS1313298,20,24,12.8103,12.8103,8.166667,1-hop,4.8096787355414214,0.3333333333333333,0.612,6-12 h
38,I,HS1313298,8,18,19.2155,19.2155,14.0,1-hop,6.646013085567439,0.3333333333333333,0.75,12+ h
39,I,HS1313298,8,24,12.8103,12.8103,14.0,1-hop,4.442664969429551,0.3333333333333333,0.612,12+ h
40,I,HS1313298,14,24,19.2155,19.2155,11.833333,1-hop,7.066986079721086,0.3333333333333333,0.75,6-12 h
41,I,HS2003046,20,6,29.6789,29.6789,1.166667,3+-hop,0.5288783230123882,0.07563025210084033,0.812,0-2 h
42,I,HS2003046,14,12,44.5183,44.5183,3.0,3+-hop,1.4069812199230496,0.1092436974789916,0.896,2-6 h
43,I,HS2003046,2,18,44.5183,44.5183,14.0,3+-hop,1.354793332178077,0.1092436974789916,0.896,12+ h
44,I,HS2003046,14,12,37.0986,37.0986,3.0,3+-hop,1.1689875349217589,0.1092436974789916,0.852,2-6 h
45,I,HS2003046,8,6,44.5183,44.5183,4.833333,3+-hop,1.1072129420055719,0.10084033613445378,0.896,2-6 h
46,I,HS1314505,2,24,15.0955,15.0955,12.666667,3+-hop,0.0595190332362459,0.04132231404958678,0.69,12+ h
47,I,HS1314505,2,12,15.0955,15.0955,3.833333,1-hop,0.055646514721103366,0.0,0.69,2-6 h
48,I,HS1314505,20,6,10.0636,10.0636,1.5,1-hop,0.03600993455789633,0.0,0.564,0-2 h
49,I,HS1314505,14,12,12.5795,12.5795,0.666667,3+-hop,0.049085000499623985,0.04132231404958678,0.598,0-2 h
50,I,HS1314505,2,6,12.5795,12.5795,3.833333,1-hop,0.04662777893455421,0.0,0.598,2-6 h
51,I,HS1316563,20,6,23.2201,23.2201,5.166667,2-hop,14.344146629199997,0.5,0.766,2-6 h
52,I,HS1316563,2,18,27.8641,27.8641,2.166667,2-hop,16.936480450272704,0.5,0.796,2-6 h
53,I,HS1316563,14,18,23.2201,23.2201,13.166667,2-hop,14.392150353087834,0.5,0.766,12+ h
54,I,HS1316563,14,12,27.8641,27.8641,11.166667,2-hop,17.05485447082234,0.5,0.796,6-12 h
55,I,HS1316563,14,18,27.8641,27.8641,13.166667,2-hop,17.105366495080624,0.5,0.796,12+ h
56,I,HS1316814,14,18,1.397,1.397,13.0,2-hop,0.8206745124329906,0.0,0.134,12+ h
57,I,HS1316814,20,12,1.397,1.397,7.0,2-hop,0.8209135696655452,0.0,0.134,6-12 h
58,I,HS1316814,20,24,1.397,1.397,7.0,2-hop,0.8209135696655452,0.0,0.134,6-12 h
59,I,HS1316814,2,24,2.0955,2.0955,2.166667,2-hop,1.150952561372611,1.0,0.208,2-6 h
60,I,HS1316814,8,18,1.397,1.397,13.0,2-hop,0.6825125375552897,0.0,0.134,12+ h
61,I,HS1316417,20,6,4.7895,4.7895,5.833333,3+-hop,0.32731660481334424,0.06504065040650407,0.438,2-6 h
62,I,HS1316417,8,18,4.7895,4.7895,9.666667,3+-hop,0.38182073099182556,0.06504065040650407,0.438,6-12 h
63,I,HS1316417,2,6,4.7895,4.7895,3.333333,3+-hop,0.3407600312502774,0.06504065040650407,0.438,2-6 h
64,I,HS1316417,14,6,3.8316,3.8316,3.666667,3+-hop,0.304702226545477,0.04065040650406504,0.372,2-6 h
65,I,HS1316417,14,6,4.7895,4.7895,3.666667,3+-hop,0.38223061767505523,0.06504065040650407,0.438,2-6 h
66,I,HS1313025,2,24,11.1002,11.1002,14.0,2-hop,1.9800122946537946,0.4,0.576,12+ h
67,I,HS1313025,8,6,13.3202,13.3202,5.166667,2-hop,2.2053522300950466,0.4,0.626,2-6 h
68,I,HS1313025,2,24,13.3202,13.3202,14.0,2-hop,2.38018251378438,0.4,0.626,12+ h
69,I,HS1313025,20,18,13.3202,13.3202,12.5,2-hop,2.2249967902147922,0.4,0.626,12+ h
70,I,HS1313025,14,18,13.3202,13.3202,3.0,2-hop,2.4627397735751657,0.4,0.626,2-6 h
71,I,MH0201710,20,6,9.4275,9.4275,3.5,2-hop,5.377665875368558,0.3333333333333333,0.546,2-6 h
72,I,MH0201710,20,12,9.4275,9.4275,3.5,2-hop,5.377665875368558,0.3333333333333333,0.546,2-6 h
73,I,MH0201710,20,24,6.285,6.285,3.5,2-hop,3.751350363038155,0.3333333333333333,0.498,2-6 h
74,I,MH0201710,8,24,7.8563,7.8563,13.666667,2-hop,3.7935743574973775,0.3333333333333333,0.532,12+ h
75,I,MH0201710,8,24,6.285,6.285,13.666667,2-hop,3.0615394038345953,0.3333333333333333,0.498,12+ h
76,I,HS1344263,14,12,5.6403,5.6403,7.666667,3+-hop,0.813456686704108,0.09016393442622951,0.486,6-12 h
77,I,HS1344263,8,6,8.4604,8.4604,1.5,3+-hop,1.0768063480572274,0.10655737704918032,0.538,0-2 h
78,I,HS1344263,14,12,7.0503,7.0503,7.333333,3+-hop,1.0147751387234938,0.10655737704918032,0.516,6-12 h
79,I,HS1344263,8,18,5.6403,5.6403,13.666667,3+-hop,0.8137221207910985,0.09016393442622951,0.486,12+ h
80,I,HS1344263,14,12,8.4604,8.4604,7.333333,3+-hop,1.2197099947347918,0.10655737704918032,0.538,6-12 h
81,I,HS1313471,14,12,3.044,3.044,11.333333,2-hop,3.210635234698389,0.5,0.316,6-12 h
82,I,HS1313471,20,18,2.5367,2.5367,5.5,2-hop,2.709702025222298,0.5,0.248,2-6 h
83,I,HS1313471,8,6,3.044,3.044,4.333333,2-hop,2.5690797458289887,0.5,0.316,2-6 h
84,I,HS1313471,2,18,3.044,3.044,3.333333,2-hop,3.123565006940754,0.5,0.316,2-6 h
85,I,HS1313471,14,18,2.0293,2.0293,11.5,2-hop,2.193966457456865,0.5,0.188,6-12 h
86,I,MH0200661,8,18,2.0885,2.0885,6.833333,1-hop,0.3388192520103414,0.0,0.204,6-12 h
87,I,MH0200661,20,18,1.7404,1.7404,10.0,1-hop,0.33423081772301066,0.0,0.174,6-12 h
88,I,MH0200661,2,24,1.7404,1.7404,4.5,1-hop,0.35318710222219907,0.0,0.174,2-6 h
89,I,MH0200661,20,12,1.7404,1.7404,10.0,1-hop,0.33423081772301066,0.0,0.174,6-12 h
90,I,MH0200661,8,6,1.7404,1.7404,5.833333,1-hop,0.24887877949739082,0.0,0.174,2-6 h
91,I,HS1314237,20,18,13.6559,13.6559,10.5,3+-hop,1.1219166601620725,0.10483870967741936,0.654,6-12 h
92,I,HS1314237,20,12,13.6559,13.6559,10.5,3+-hop,1.1219166601620725,0.10483870967741936,0.654,6-12 h
93,I,HS1314237,14,24,13.6559,13.6559,7.833333,3+-hop,1.0221455999400721,0.10483870967741936,0.654,6-12 h
94,I,HS1314237,2,24,10.9247,10.9247,3.833333,3+-hop,0.823160248408397,0.08870967741935484,0.572,2-6 h
95,I,HS1314237,8,18,13.6559,13.6559,13.833333,3+-hop,1.021567397249814,0.10483870967741936,0.654,12+ h
96,I,HS1306601,20,24,71.9998,71.9998,0.833333,3+-hop,2.541291334599344,0.11304347826086956,0.948,0-2 h
97,I,HS1306601,20,18,57.5998,57.5998,6.833333,2-hop,2.022830708922084,0.125,0.924,6-12 h
98,I,HS1306601,14,6,86.3997,86.3997,3.0,3+-hop,3.209547384147366,0.1391304347826087,0.964,2-6 h
99,I,HS1306601,8,18,86.3997,86.3997,9.0,3+-hop,3.2096003932583588,0.1391304347826087,0.964,6-12 h
100,I,HS1306601,2,12,86.3997,86.3997,0.5,2-hop,2.9971926062955023,0.125,0.964,0-2 h
101,I,HS1316202,20,18,45.5119,45.5119,5.166667,2-hop,12.464279618672027,0.4,0.906,2-6 h
102,I,HS1316202,14,6,45.5119,45.5119,4.166667,2-hop,11.826246755832692,0.4,0.906,2-6 h
103,I,HS1316202,20,24,37.9266,37.9266,5.833333,2-hop,10.434153381728532,0.4,0.872,2-6 h
104,I,HS1316202,2,18,30.3413,30.3413,3.333333,2-hop,8.32630818907141,0.4,0.818,2-6 h
105,I,HS1316202,2,24,30.3413,30.3413,3.333333,2-hop,8.32630818907141,0.4,0.818,2-6 h
106,I,HS1313618,20,6,2.057,2.057,1.166667,3+-hop,0.2715770414274801,0.016129032258064516,0.196,0-2 h
107,I,HS1313618,20,24,2.057,2.057,1.166667,3+-hop,0.2715770414274801,0.016129032258064516,0.196,0-2 h
108,I,HS1313618,2,24,2.4684,2.4684,13.5,3+-hop,0.3235869616363948,0.03225806451612903,0.244,12+ h
109,I,HS1313618,2,18,2.057,2.057,13.5,3+-hop,0.26962548748433135,0.024193548387096774,0.196,12+ h
110,I,HS1313618,8,24,1.6456,1.6456,13.166667,3+-hop,0.22012738735261225,0.016129032258064516,0.156,12+ h
111,I,HS1306471,8,6,1.0707,1.0707,0.833333,3+-hop,0.0771622423440471,0.016,0.082,0-2 h
112,I,HS1306471,14,24,0.8566,0.8566,11.0,0-hop,0.07583464585815716,0.0,0.058,6-12 h
113,I,HS1306471,8,24,0.8566,0.8566,13.833333,3+-hop,0.06491135816943004,0.0,0.058,12+ h
114,I,HS1306471,20,6,1.0707,1.0707,5.0,0-hop,0.09459244827049096,0.0,0.082,2-6 h
115,I,HS1306471,8,24,1.2848,1.2848,13.833333,3+-hop,0.09691582029111691,0.008,0.116,12+ h
116,I,HS2003015,14,12,37.0893,37.0893,7.166667,3+-hop,0.27270123830590237,0.05785123966942149,0.846,6-12 h
117,I,HS2003015,14,18,29.6715,29.6715,7.166667,3+-hop,0.22144047245152615,0.05785123966942149,0.806,6-12 h
118,I,HS2003015,14,24,44.5072,44.5072,7.166667,3+-hop,0.32390878485049285,0.06611570247933884,0.888,6-12 h
119,I,HS2003015,2,12,29.6715,29.6715,11.833333,3+-hop,0.1978705678664609,0.05785123966942149,0.806,6-12 h
120,I,HS2003015,14,6,37.0893,37.0893,5.833333,3+-hop,0.2262588038592374,0.05785123966942149,0.846,2-6 h
121,I,HS1313140,8,6,3.6018,3.6018,4.666667,3+-hop,0.36988323690337394,0.024390243902439025,0.358,2-6 h
122,I,HS1313140,8,6,5.4027,5.4027,4.5,3+-hop,0.5538987242781322,0.06504065040650407,0.474,2-6 h
123,I,HS1313140,14,6,5.4027,5.4027,4.833333,3+-hop,0.5222251166025523,0.06504065040650407,0.474,2-6 h
124,I,HS1313140,14,18,4.5023,4.5023,7.0,3+-hop,0.4534388026571168,0.04878048780487805,0.428,6-12 h
125,I,HS1313140,2,18,3.6018,3.6018,3.166667,3+-hop,0.39011255490585783,0.032520325203252036,0.358,2-6 h
126,I,HS1308302,20,6,16.7922,16.7922,5.833333,1-hop,0.48495645025547485,0.0,0.728,2-6 h
127,I,HS1308302,8,18,13.9935,13.9935,13.333333,1-hop,0.2794908974086673,0.0,0.676,12+ h
128,I,HS1308302,20,18,16.7922,16.7922,8.0,1-hop,0.6119130693098448,0.0,0.728,6-12 h
129,I,HS1308302,14,18,11.1948,11.1948,14.0,1-hop,0.37110099661504986,0.0,0.58,12+ h
130,I,HS1308302,8,12,16.7922,16.7922,6.0,1-hop,0.3052465318744162,0.0,0.728,2-6 h
131,I,HS2003085,14,6,15.6964,15.6964,2.833333,3+-hop,0.5067248681750945,0.09090909090909091,0.712,2-6 h
132,I,HS2003085,20,6,12.5572,12.5572,3.166667,3+-hop,0.4393120290998874,0.0743801652892562,0.592,2-6 h
133,I,HS2003085,14,24,18.8357,18.8357,9.166667,3+-hop,0.6524139949317436,0.09090909090909091,0.744,6-12 h
134,I,HS2003085,8,12,15.6964,15.6964,5.0,3+-hop,0.5258424072255646,0.08264462809917356,0.712,2-6 h
135,I,HS2003085,2,24,15.6964,15.6964,2.833333,3+-hop,0.5434583543909418,0.09090909090909091,0.712,2-6 h
136,I,HS1306571,8,6,64.5455,64.5455,2.166667,1-hop,2.7568475907642704,0.3333333333333333,0.942,2-6 h
137,I,HS1306571,14,18,64.5455,64.5455,6.833333,3+-hop,2.851294288610423,0.11965811965811966,0.942,6-12 h
138,I,HS1306571,2,6,53.7879,53.7879,0.333333,1-hop,2.3862647588127697,0.3333333333333333,0.918,0-2 h
139,I,HS1306571,20,12,53.7879,53.7879,6.0,1-hop,2.3880613039276715,0.3333333333333333,0.918,2-6 h
140,I,HS1306571,8,6,43.0303,43.0303,0.5,1-hop,1.848304850633268,0.3333333333333333,0.884,0-2 h
141,I,HS1316643,20,12,4.4331,4.4331,8.0,1-hop,3.0735671216347766,0.6666666666666666,0.42,6-12 h
142,I,HS1316643,14,12,4.4331,4.4331,1.0,1-hop,3.033804808710014,0.6666666666666666,0.42,0-2 h
143,I,HS1316643,14,18,6.6496,6.6496,14.0,1-hop,4.584496384169463,0.6666666666666666,0.504,12+ h
144,I,HS1316643,8,18,5.5414,5.5414,6.833333,1-hop,3.786947339891081,0.6666666666666666,0.48,6-12 h
145,I,HS1316643,2,12,4.4331,4.4331,3.666667,1-hop,3.1309879460135557,0.6666666666666666,0.42,2-6 h
146,I,HS1311473,20,12,0.74,0.74,11.666667,2-hop,0.1349987612727063,0.0,0.042,6-12 h
147,I,HS1311473,8,6,0.74,0.74,5.166667,2-hop,0.13500021493401887,0.0,0.042,2-6 h
148,I,HS1311473,14,18,0.74,0.74,3.0,2-hop,0.1541829085316024,0.0,0.042,2-6 h
149,I,HS1311473,14,24,1.11,1.11,3.166667,2-hop,0.23191933902611614,0.0,0.088,2-6 h
150,I,HS1311473,20,6,0.74,0.74,1.5,2-hop,0.10508847553258659,0.0,0.042,0-2 h
151,I,HS1316721,2,24,6.6542,6.6542,1.333333,2-hop,0.40638676527300344,0.0,0.51,0-2 h
152,I,HS1316721,2,18,9.9812,9.9812,1.166667,2-hop,0.6027531207886103,0.0,0.556,0-2 h
153,I,HS1316721,14,18,9.9812,9.9812,13.666667,2-hop,0.5921222571386819,0.0,0.556,12+ h
154,I,HS1316721,8,6,6.6542,6.6542,1.166667,3+-hop,0.308822121106753,0.058333333333333334,0.51,0-2 h
155,I,HS1316721,8,24,9.9812,9.9812,7.5,3+-hop,0.5182003004548186,0.08333333333333333,0.556,6-12 h
156,I,HS1314477,20,18,113.5742,113.5742,7.5,1-hop,0.367734987490726,0.0,0.98,6-12 h
157,I,HS1314477,20,18,136.289,136.289,7.666667,1-hop,0.42674855784580096,0.0,0.994,6-12 h
158,I,HS1314477,2,18,136.289,136.289,1.0,1-hop,0.42677260240459564,0.0,0.994,0-2 h
159,I,HS1314477,14,12,136.289,136.289,11.833333,1-hop,0.41410090728097004,0.0,0.994,6-12 h
160,I,HS1314477,8,18,136.289,136.289,13.5,1-hop,0.3832278222104868,0.0,0.994,12+ h
161,I,HS1313835,20,12,40.906,40.906,11.833333,3+-hop,1.9857135584160346,0.11864406779661017,0.876,6-12 h
162,I,HS1313835,20,24,34.0883,34.0883,13.166667,3+-hop,1.793929627376355,0.11864406779661017,0.84,12+ h
163,I,HS1313835,8,6,27.2706,27.2706,2.5,3+-hop,1.6521681441356155,0.11016949152542373,0.784,2-6 h
164,I,HS1313835,20,6,27.2706,27.2706,5.833333,3+-hop,1.2704602707975865,0.1016949152542373,0.784,2-6 h
165,I,HS1313835,20,12,27.2706,27.2706,8.166667,3+-hop,1.3330569687124156,0.1016949152542373,0.784,6-12 h
166,I,HS1313205,20,12,37.6111,37.6111,10.166667,2-hop,5.612135166322377,0.14285714285714285,0.866,6-12 h
167,I,HS1313205,8,6,31.3426,31.3426,1.0,2-hop,4.67744305495169,0.14285714285714285,0.834,0-2 h
168,I,HS1313205,20,24,31.3426,31.3426,4.0,2-hop,4.744163187261744,0.14285714285714285,0.834,2-6 h
169,I,HS1313205,14,6,25.0741,25.0741,0.333333,2-hop,3.715573502836197,0.14285714285714285,0.776,0-2 h
170,I,HS1313205,20,6,37.6111,37.6111,4.0,2-hop,5.518927561140304,0.14285714285714285,0.866,2-6 h
171,I,HS1306904,20,12,76.4982,76.4982,7.333333,1-hop,7.726698383106164,0.25,0.954,6-12 h
172,I,HS1306904,8,6,114.7473,114.7473,0.333333,1-hop,11.157097915405657,0.25,0.984,0-2 h
173,I,HS1306904,8,6,95.6227,95.6227,0.333333,1-hop,9.313688231048175,0.25,0.974,0-2 h
174,I,HS1306904,20,18,76.4982,76.4982,7.333333,1-hop,7.726698383106164,0.25,0.954,6-12 h
175,I,HS1306904,2,24,95.6227,95.6227,0.5,1-hop,9.634557166339437,0.25,0.974,0-2 h
176,I,HS1324403,20,12,37.5994,37.5994,4.166667,3+-hop,3.6971864050993783,0.23529411764705882,0.858,2-6 h
177,I,HS1324403,20,12,25.0663,25.0663,4.333333,3+-hop,2.447858854681338,0.17647058823529413,0.772,2-6 h
178,I,HS1324403,14,12,31.3328,31.3328,10.166667,3+-hop,3.085715576412414,0.21008403361344538,0.826,6-12 h
179,I,HS1324403,20,6,37.5994,37.5994,4.166667,3+-hop,3.6971864050993783,0.23529411764705882,0.858,2-6 h
180,I,HS1324403,2,12,31.3328,31.3328,2.833333,3+-hop,3.0837919655679387,0.21008403361344538,0.826,2-6 h
181,I,HS1316415,14,18,2.2714,2.2714,14.0,0-hop,0.870863941653939,0.0,0.224,12+ h
182,I,HS1316415,2,12,3.4071,3.4071,1.166667,0-hop,1.3081897003434726,1.0,0.34,0-2 h
183,I,HS1316415,14,12,2.8392,2.8392,3.5,0-hop,1.1308478793570422,1.0,0.292,2-6 h
184,I,HS1316415,2,6,2.8392,2.8392,1.166667,0-hop,1.093133665550254,1.0,0.292,0-2 h
185,I,HS1316415,14,18,2.8392,2.8392,3.5,0-hop,1.1308478793570422,1.0,0.292,2-6 h
186,I,HS1313925,2,18,1.2007,1.2007,3.333333,3+-hop,0.08710239951008181,0.024193548387096774,0.104,2-6 h
187,I,HS1313925,20,18,1.2007,1.2007,8.0,3+-hop,0.09745892930343428,0.024193548387096774,0.104,6-12 h
188,I,HS1313925,20,6,1.2007,1.2007,5.833333,3+-hop,0.08308268110281328,0.024193548387096774,0.104,2-6 h
189,I,HS1313925,2,6,0.8005,0.8005,3.333333,3+-hop,0.05815475661687113,0.008064516129032258,0.052,2-6 h
190,I,HS1313925,14,24,1.0006,1.0006,14.0,3+-hop,0.08680411811669834,0.024193548387096774,0.072,12+ h
191,I,HS1313001,14,24,4.2315,4.2315,12.166667,2-hop,2.8565719527838223,0.3333333333333333,0.396,12+ h
192,I,HS1313001,14,6,4.2315,4.2315,4.0,2-hop,2.067422865755343,0.3333333333333333,0.396,2-6 h
193,I,HS1313001,2,24,2.821,2.821,2.0,2-hop,2.120653358868653,0.3333333333333333,0.284,0-2 h
194,I,HS1313001,14,12,4.2315,4.2315,11.833333,2-hop,2.720004715254507,0.3333333333333333,0.396,6-12 h
195,I,HS1313001,20,6,3.5263,3.5263,5.833333,2-hop,2.3184170550516616,0.3333333333333333,0.352,2-6 h
196,I,MH0101924,20,24,20.9231,20.9231,8.5,3+-hop,1.5459917689700613,0.1092436974789916,0.76,6-12 h
197,I,MH0101924,2,18,13.9487,13.9487,1.0,3+-hop,1.0371894630149123,0.10084033613445378,0.668,0-2 h
198,I,MH0101924,8,18,13.9487,13.9487,13.333333,3+-hop,0.9022520289156621,0.10084033613445378,0.668,12+ h
199,I,MH0101924,8,6,17.4359,17.4359,3.166667,3+-hop,1.1228312447861042,0.10084033613445378,0.736,2-6 h
200,I,MH0101924,14,12,13.9487,13.9487,11.333333,3+-hop,1.0260772479765456,0.10084033613445378,0.668,6-12 h
201,I,HS2003111,20,18,14.8606,14.8606,9.0,3+-hop,0.5036732433042184,0.09016393442622951,0.682,6-12 h
202,I,HS2003111,14,18,11.8885,11.8885,12.833333,3+-hop,0.3957114853983192,0.08196721311475409,0.586,12+ h
203,I,HS2003111,2,6,14.8606,14.8606,2.666667,3+-hop,0.4914102142394623,0.09016393442622951,0.682,2-6 h
204,I,HS2003111,20,18,17.8327,17.8327,9.0,3+-hop,0.5997062806326285,0.09016393442622951,0.74,6-12 h
205,I,HS2003111,20,6,11.8885,11.8885,3.166667,3+-hop,0.3895370826302543,0.08196721311475409,0.586,2-6 h
206,I,MH0242782,14,6,5.3314,5.3314,1.166667,3+-hop,0.7087778976520029,0.08870967741935484,0.46,0-2 h
207,I,MH0242782,14,24,5.3314,5.3314,7.666667,3+-hop,0.7499135270358113,0.08870967741935484,0.46,6-12 h
208,I,MH0242782,20,6,5.3314,5.3314,1.666667,3+-hop,0.7500335937626971,0.08870967741935484,0.46,0-2 h
209,I,MH0242782,8,18,5.3314,5.3314,13.666667,3+-hop,0.7501216569123254,0.08870967741935484,0.46,12+ h
210,I,MH0242782,2,6,5.3314,5.3314,3.666667,3+-hop,0.6608917199091568,0.08064516129032258,0.46,2-6 h
211,I,HS1344902,2,24,2.4435,2.4435,3.333333,1-hop,1.9290863564402514,1.0,0.238,2-6 h
212,I,HS1344902,2,6,2.9322,2.9322,3.333333,1-hop,2.305816957608581,1.0,0.302,2-6 h
213,I,HS1344902,2,24,2.9322,2.9322,3.333333,1-hop,2.305816957608581,1.0,0.302,2-6 h
214,I,HS1344902,8,24,1.9548,1.9548,6.333333,1-hop,1.4956089699295916,1.0,0.184,6-12 h
215,I,HS1344902,20,18,2.4435,2.4435,9.5,1-hop,1.8981414702601922,1.0,0.238,6-12 h
216,I,HS1306554,8,18,20.0283,20.0283,13.833333,2-hop,9.507919273435684,0.75,0.756,12+ h
217,I,HS1306554,14,24,13.3522,13.3522,13.166667,2-hop,7.277075610848134,0.5,0.64,12+ h
218,I,HS1306554,14,6,13.3522,13.3522,5.0,2-hop,4.954198941185311,0.5,0.64,2-6 h
219,I,HS1306554,8,6,16.6903,16.6903,2.333333,2-hop,6.26281670951798,0.5,0.72,2-6 h
220,I,HS1306554,8,12,13.3522,13.3522,6.666667,2-hop,5.077500396223819,0.5,0.64,6-12 h
221,I,HS1330842,14,24,4.3084,4.3084,14.0,2-hop,0.7509024336839064,0.0,0.408,12+ h
222,I,HS1330842,14,18,3.4467,3.4467,14.0,2-hop,0.6128053837381999,0.0,0.346,12+ h
223,I,HS1330842,20,6,3.4467,3.4467,3.833333,2-hop,0.5650349284588598,0.0,0.346,2-6 h
224,I,HS1330842,20,12,4.3084,4.3084,8.0,2-hop,0.7508651815661583,0.0,0.408,6-12 h
225,I,HS1330842,8,18,4.3084,4.3084,3.833333,2-hop,0.7025758526963424,0.0,0.408,2-6 h
226,I,HS1316585,20,12,15.107,15.107,8.0,2-hop,9.80039942165149,0.5,0.7,6-12 h
227,I,HS1316585,2,6,12.5891,12.5891,3.333333,2-hop,8.30937813174106,0.5,0.604,2-6 h
228,I,HS1316585,2,18,15.107,15.107,3.333333,2-hop,9.936727509438366,0.5,0.7,2-6 h
229,I,HS1316585,20,18,10.0713,10.0713,8.0,2-hop,6.553381014940356,0.5,0.568,6-12 h
230,I,HS1316585,14,24,15.107,15.107,14.0,2-hop,9.797283639871988,0.5,0.7,12+ h
231,I,HS1313253,20,18,2.6967,2.6967,4.0,0-hop,1.0957245048196413,1.0,0.266,2-6 h
232,I,HS1313253,20,12,3.3709,3.3709,4.0,0-hop,1.3597161825209763,1.0,0.334,2-6 h
233,I,HS1313253,2,18,3.3709,3.3709,2.5,0-hop,1.306174392492124,1.0,0.334,2-6 h
234,I,HS1313253,8,24,2.6967,2.6967,4.0,0-hop,0.9952676774930079,0.0,0.266,2-6 h
235,I,HS1313253,8,12,4.0451,4.0451,3.666667,0-hop,1.4895029567924036,1.0,0.376,2-6 h
236,I,HS1313597,20,18,2.2068,2.2068,1.0,3+-hop,0.2173967064823189,0.024793388429752067,0.218,0-2 h
237,I,HS1313597,2,6,2.2068,2.2068,3.833333,3+-hop,0.2230930806130537,0.024793388429752067,0.218,2-6 h
238,I,HS1313597,8,18,3.3102,3.3102,7.666667,3+-hop,0.3326634194159344,0.05785123966942149,0.326,6-12 h
239,I,HS1313597,8,6,2.7585,2.7585,1.333333,3+-hop,0.2531628253364697,0.049586776859504134,0.272,0-2 h
240,I,HS1313597,20,24,3.3102,3.3102,1.0,3+-hop,0.32525651418290086,0.05785123966942149,0.326,0-2 h
241,I,HS1344261,14,24,1.5194,1.5194,7.666667,2-hop,2.8078544797447935,0.5,0.148,6-12 h
242,I,HS1344261,8,6,1.5194,1.5194,5.833333,2-hop,2.7331266678965007,0.5,0.148,2-6 h
243,I,HS1344261,20,18,1.013,1.013,10.333333,2-hop,1.9885618101657077,0.5,0.076,6-12 h
244,I,HS1344261,8,18,1.2662,1.2662,6.833333,2-hop,2.3841300247700845,0.5,0.112,6-12 h
245,I,HS1344261,2,24,1.5194,1.5194,3.666667,2-hop,2.9332577386024448,0.5,0.148,2-6 h
246,I,HS1344920,8,24,2.1218,2.1218,12.5,3+-hop,0.25019860586786435,0.008,0.212,12+ h
247,I,HS1344920,8,12,2.5461,2.5461,0.833333,3+-hop,0.2918566895654147,0.024,0.256,0-2 h
248,I,HS1344920,2,24,2.5461,2.5461,4.333333,3+-hop,0.29890407036755484,0.024,0.256,2-6 h
249,I,HS1344920,8,24,2.5461,2.5461,12.5,3+-hop,0.3000072942806559,0.024,0.256,12+ h
250,I,HS1344920,8,6,1.6974,1.6974,0.833333,3+-hop,0.1932770321361571,0.0,0.164,0-2 h
251,E,HS1306571,6,6,-16.6747,16.6747,5.833333,1-hop,0.718763171104105,0.0,0.75,2-6 h
252,E,HS1306571,0,24,-13.3397,13.3397,0.333333,1-hop,0.9540934758688491,0.3333333333333333,0.7176470588235294,0-2 h
253,E,HS1306571,0,18,-20.0096,20.0096,0.666667,3+-hop,1.5998801878962954,0.1282051282051282,0.7970588235294118,0-2 h
254,E,HS1306571,12,6,-16.6747,16.6747,4.833333,1-hop,0.715694859188181,0.0,0.75,2-6 h
255,E,HS1306571,18,24,-20.0096,20.0096,3.666667,3+-hop,0.8387396124581835,0.09401709401709402,0.7970588235294118,2-6 h
256,E,HS1306601,12,6,-64.4972,64.4972,5.333333,3+-hop,2.2003198964939052,0.12173913043478261,0.9941176470588236,2-6 h
257,E,HS1306601,6,18,-64.4972,64.4972,11.333333,3+-hop,2.200460325646705,0.12173913043478261,0.9941176470588236,6-12 h
258,E,HS1306601,18,18,-53.7476,53.7476,10.666667,2-hop,1.995779299386343,0.125,0.9794117647058823,6-12 h
259,E,HS1306601,0,24,-64.4972,64.4972,4.833333,0-hop,8.029563799317721,1.0,0.9941176470588236,2-6 h
260,E,HS1306601,0,18,-53.7476,53.7476,3.0,0-hop,7.36539397698405,1.0,0.9794117647058823,2-6 h
261,E,HS1306904,6,18,-38.4051,38.4051,10.833333,1-hop,2.558367992717839,0.25,0.9411764705882353,6-12 h
262,E,HS1306904,18,12,-25.6034,25.6034,11.833333,1-hop,2.2762054745389424,0.25,0.8558823529411764,6-12 h
263,E,HS1306904,0,12,-38.4051,38.4051,4.833333,1-hop,13.927290389971944,0.25,0.9411764705882353,2-6 h
264,E,HS1306904,0,24,-38.4051,38.4051,4.833333,1-hop,13.927290389971944,0.25,0.9411764705882353,2-6 h
265,E,HS1306904,12,18,-25.6034,25.6034,4.833333,1-hop,2.411430717899858,0.25,0.8558823529411764,2-6 h
266,E,HS1308259,6,6,-4.4706,4.4706,5.833333,2-hop,0.5392592738865533,0.0,0.42058823529411765,2-6 h
267,E,HS1308259,18,18,-5.5882,5.5882,9.833333,2-hop,1.407360713208238,0.3333333333333333,0.5088235294117647,6-12 h
268,E,HS1308259,18,6,-6.7058,6.7058,5.833333,2-hop,0.72311907371193,0.0,0.5470588235294118,2-6 h
269,E,HS1308259,0,12,-4.4706,4.4706,1.5,2-hop,1.280126939049583,0.3333333333333333,0.42058823529411765,0-2 h
270,E,HS1308259,0,24,-5.5882,5.5882,1.666667,2-hop,1.366465772196812,0.3333333333333333,0.5088235294117647,0-2 h
271,E,HS1308302,6,6,-11.7904,11.7904,0.166667,1-hop,0.05244376494139534,0.0,0.6764705882352942,0-2 h
272,E,HS1308302,6,18,-14.1484,14.1484,8.666667,3+-hop,0.08215297119094545,0.05,0.7235294117647059,6-12 h
273,E,HS1308302,6,6,-9.4323,9.4323,3.166667,3+-hop,0.04171946739756941,0.058333333333333334,0.6470588235294118,2-6 h
274,E,HS1308302,12,12,-11.7904,11.7904,11.333333,1-hop,0.1175680830712902,0.0,0.6764705882352942,6-12 h
275,E,HS1308302,18,24,-11.7904,11.7904,10.833333,1-hop,1.34071951102415,0.5,0.6764705882352942,6-12 h
276,E,HS1311339,12,24,-1.4322,1.4322,11.5,3+-hop,0.18705490364769245,0.016129032258064516,0.1588235294117647,6-12 h
277,E,HS1311339,12,18,-1.1458,1.1458,11.5,3+-hop,0.1510307920032479,0.016129032258064516,0.13823529411764707,6-12 h
278,E,HS1311339,12,18,-1.7186,1.7186,3.333333,3+-hop,0.23861018465263384,0.016129032258064516,0.19117647058823528,2-6 h
279,E,HS1311339,12,6,-1.1458,1.1458,2.666667,3+-hop,0.14277669199032705,0.008064516129032258,0.13823529411764707,2-6 h
280,E,HS1311339,18,18,-1.7186,1.7186,10.0,3+-hop,0.22059814238984918,0.016129032258064516,0.19117647058823528,6-12 h
281,E,HS1313001,6,24,-0.7403,0.7403,1.0,2-hop,0.4468550234070259,0.0,0.07058823529411765,0-2 h
282,E,HS1313001,6,18,-1.1105,1.1105,1.0,2-hop,0.6781555309344386,0.0,0.1264705882352941,0-2 h
283,E,HS1313001,0,12,-0.7403,0.7403,4.0,2-hop,0.7350020681855829,0.0,0.07058823529411765,2-6 h
284,E,HS1313001,18,18,-0.7403,0.7403,8.166667,2-hop,0.65390607855483,0.0,0.07058823529411765,6-12 h
285,E,HS1313001,6,12,-1.1105,1.1105,1.0,2-hop,0.6781555309344386,0.0,0.1264705882352941,0-2 h
286,E,HS1313025,12,24,-7.5778,7.5778,14.0,1-hop,3.125725758260896,0.6666666666666666,0.5970588235294118,12+ h
287,E,HS1313025,12,6,-9.0934,9.0934,5.0,2-hop,1.6552300870268941,0.2,0.6205882352941177,2-6 h
288,E,HS1313025,6,24,-7.5778,7.5778,11.0,2-hop,1.3810895756760684,0.2,0.5970588235294118,6-12 h
289,E,HS1313025,0,18,-6.0623,6.0623,13.166667,2-hop,0.9787028560739154,0.2,0.5294117647058824,12+ h
290,E,HS1313025,18,24,-9.0934,9.0934,9.333333,1-hop,5.556482740819617,0.6666666666666666,0.6205882352941177,6-12 h
291,E,HS1313140,6,6,5.3905,5.3905,5.0,3+-hop,0.5513854374835686,0.06504065040650407,0.49411764705882355,2-6 h
292,E,HS1313140,6,12,5.3905,5.3905,6.333333,3+-hop,0.5522550414300408,0.06504065040650407,0.49411764705882355,6-12 h
293,E,HS1313140,18,6,5.3905,5.3905,3.0,3+-hop,0.5409835067387045,0.056910569105691054,0.49411764705882355,2-6 h
294,E,HS1313140,18,12,4.4921,4.4921,11.833333,3+-hop,0.5003853310771874,0.056910569105691054,0.4323529411764706,6-12 h
295,E,HS1313140,18,6,4.4921,4.4921,3.0,3+-hop,0.452406182390108,0.04878048780487805,0.4323529411764706,2-6 h
296,E,HS1313205,12,18,-4.0302,4.0302,13.0,2-hop,0.6630709412424273,0.14285714285714285,0.4,12+ h
297,E,HS1313205,12,6,-3.3585,3.3585,0.5,2-hop,0.5149545521443109,0.14285714285714285,0.3235294117647059,0-2 h
298,E,HS1313205,6,24,-4.0302,4.0302,3.0,2-hop,0.6230118095316871,0.14285714285714285,0.4,2-6 h
299,E,HS1313205,6,24,-2.6868,2.6868,3.166667,2-hop,0.4144263712931655,0.0,0.27058823529411763,2-6 h
300,E,HS1313205,6,12,-4.0302,4.0302,3.0,2-hop,0.6230118095316871,0.14285714285714285,0.4,2-6 h
301,E,HS1313253,18,6,-0.0,0.0,0.0,0-hop,0.0,0.0,0.01764705882352941,0-2 h
302,E,HS1313253,6,6,-0.0,0.0,0.0,0-hop,0.0,0.0,0.01764705882352941,0-2 h
303,E,HS1313253,12,12,-0.0,0.0,0.0,0-hop,0.0,0.0,0.01764705882352941,0-2 h
304,E,HS1313253,6,12,-0.0,0.0,0.0,0-hop,0.0,0.0,0.01764705882352941,0-2 h
305,E,HS1313253,12,12,-0.0,0.0,0.0,0-hop,0.0,0.0,0.01764705882352941,0-2 h
306,E,HS1313298,6,12,-5.2215,5.2215,0.333333,1-hop,1.8564998991438726,0.3333333333333333,0.4588235294117647,0-2 h
307,E,HS1313298,0,6,-5.2215,5.2215,0.0,1-hop,2.5135061720394605,0.3333333333333333,0.4588235294117647,0-2 h
308,E,HS1313298,0,12,-6.2658,6.2658,2.166667,1-hop,2.6642813855898897,0.3333333333333333,0.538235294117647,2-6 h
309,E,HS1313298,6,12,-6.2658,6.2658,0.333333,1-hop,2.231898556233674,0.3333333333333333,0.538235294117647,0-2 h
310,E,HS1313298,18,24,-5.2215,5.2215,10.0,1-hop,2.079668681671689,0.3333333333333333,0.4588235294117647,6-12 h
311,E,HS1313402,6,6,-23.3318,23.3318,0.666667,3+-hop,1.791475111929435,0.11206896551724138,0.8235294117647058,0-2 h
312,E,HS1313402,0,24,-23.3318,23.3318,3.0,3+-hop,1.9965609334637544,0.1206896551724138,0.8235294117647058,2-6 h
313,E,HS1313402,0,6,-34.9977,34.9977,3.0,3+-hop,8.271221565974336,0.22413793103448276,0.9176470588235294,2-6 h
314,E,HS1313402,0,18,-23.3318,23.3318,3.0,3+-hop,1.9965609334637544,0.1206896551724138,0.8235294117647058,2-6 h
315,E,HS1313402,0,6,-29.1647,29.1647,0.833333,3+-hop,4.522933810202941,0.1724137931034483,0.8823529411764706,0-2 h
316,E,HS1313597,0,18,-1.4417,1.4417,3.166667,3+-hop,0.16836058124078537,0.024793388429752067,0.17058823529411765,2-6 h
317,E,HS1313597,6,6,-1.7301,1.7301,3.166667,3+-hop,0.16031040462142832,0.01652892561983471,0.21470588235294116,2-6 h
318,E,HS1313597,18,6,-1.7301,1.7301,4.166667,3+-hop,0.1679210987172883,0.024793388429752067,0.21470588235294116,2-6 h
319,E,HS1313597,12,24,-1.4417,1.4417,3.833333,3+-hop,0.14581021470154615,0.01652892561983471,0.17058823529411765,2-6 h
320,E,HS1313597,12,12,-1.4417,1.4417,3.833333,3+-hop,0.14581021470154615,0.01652892561983471,0.17058823529411765,2-6 h
321,E,HS1313835,12,12,-23.3142,23.3142,4.333333,3+-hop,1.4968966589782893,0.11016949152542373,0.8088235294117647,2-6 h
322,E,HS1313835,18,24,-27.977,27.977,8.166667,3+-hop,1.912363222853199,0.11016949152542373,0.8735294117647059,6-12 h
323,E,HS1313835,0,12,-27.977,27.977,5.5,3+-hop,4.336447195711093,0.1271186440677966,0.8735294117647059,2-6 h
324,E,HS1313835,0,12,-23.3142,23.3142,1.333333,3+-hop,4.271099081383843,0.13559322033898305,0.8088235294117647,0-2 h
325,E,HS1313835,12,12,-18.6513,18.6513,4.166667,3+-hop,1.2774484555508026,0.11016949152542373,0.7823529411764706,2-6 h
326,E,HS1314237,6,12,-1.9257,1.9257,6.0,3+-hop,0.16911649366532105,0.016129032258064516,0.22647058823529412,2-6 h
327,E,HS1314237,0,18,-2.3109,2.3109,1.5,3+-hop,0.2215532049372597,0.056451612903225805,0.25882352941176473,0-2 h
328,E,HS1314237,12,24,-2.3109,2.3109,9.333333,3+-hop,0.20818931024423432,0.04032258064516129,0.25882352941176473,6-12 h
329,E,HS1314237,0,12,-1.9257,1.9257,1.5,3+-hop,0.18429058383011154,0.056451612903225805,0.22647058823529412,0-2 h
330,E,HS1314237,6,24,-2.3109,2.3109,6.0,3+-hop,0.20285992344785406,0.04032258064516129,0.25882352941176473,2-6 h
331,E,HS1314477,0,6,-9.1498,9.1498,1.666667,1-hop,0.03942789632854307,0.0,0.6352941176470588,0-2 h
332,E,HS1314477,6,12,-9.1498,9.1498,8.666667,3+-hop,0.03752564806487428,0.03333333333333333,0.6352941176470588,6-12 h
333,E,HS1314477,18,12,-7.3199,7.3199,3.333333,1-hop,0.025350436824354124,0.0,0.5852941176470589,2-6 h
334,E,HS1314477,0,12,-9.1498,9.1498,1.666667,1-hop,0.03942789632854307,0.0,0.6352941176470588,0-2 h
335,E,HS1314477,12,6,-7.3199,7.3199,2.666667,3+-hop,0.032729984132346845,0.03333333333333333,0.5852941176470589,2-6 h
336,E,HS1314505,0,12,3.7797,3.7797,1.5,1-hop,0.0208189632761993,0.0,0.38529411764705884,0-2 h
337,E,HS1314505,0,6,4.5357,4.5357,1.5,1-hop,0.02481715045931726,0.0,0.4441176470588235,0-2 h
338,E,HS1314505,12,18,4.5357,4.5357,2.666667,3+-hop,0.016482521177257684,0.03305785123966942,0.4441176470588235,2-6 h
339,E,HS1314505,18,12,3.0238,3.0238,3.333333,3+-hop,0.012312614870133513,0.008264462809917356,0.3176470588235294,2-6 h
340,E,HS1314505,12,18,3.7797,3.7797,10.833333,1-hop,0.013531420971055528,0.0,0.38529411764705884,6-12 h
341,E,HS1316202,6,24,-27.6407,27.6407,7.833333,2-hop,3.833439322159301,0.4,0.8647058823529412,6-12 h
342,E,HS1316202,12,12,-41.461,41.461,11.833333,2-hop,7.177714777268329,0.4,0.9558823529411765,6-12 h
343,E,HS1316202,6,24,-41.461,41.461,13.333333,2-hop,5.9657533757109,0.4,0.9558823529411765,12+ h
344,E,HS1316202,12,12,-34.5508,34.5508,11.833333,2-hop,5.902637516915814,0.4,0.9088235294117647,6-12 h
345,E,HS1316202,12,24,-34.5508,34.5508,14.0,2-hop,6.14168637439997,0.4,0.9088235294117647,12+ h
346,E,HS1316563,12,18,-8.5035,8.5035,13.166667,2-hop,5.247280506468169,0.3333333333333333,0.611764705882353,12+ h
347,E,HS1316563,18,12,-6.8028,6.8028,9.166667,2-hop,4.185287870716977,0.3333333333333333,0.5588235294117647,6-12 h
348,E,HS1316563,18,18,-10.2042,10.2042,9.166667,2-hop,6.46800468922493,0.5,0.6529411764705882,6-12 h
349,E,HS1316563,12,18,-6.8028,6.8028,13.166667,2-hop,4.140809942736079,0.3333333333333333,0.5588235294117647,12+ h
350,E,HS1316563,12,6,-6.8028,6.8028,1.0,2-hop,3.5225734826450497,0.3333333333333333,0.5588235294117647,0-2 h
351,E,HS1316585,18,24,-5.6401,5.6401,9.5,2-hop,3.737412171980756,0.5,0.5205882352941177,6-12 h
352,E,HS1316585,0,6,-5.6401,5.6401,0.333333,2-hop,4.314877430435568,0.5,0.5205882352941177,0-2 h
353,E,HS1316585,0,24,-8.4602,8.4602,0.333333,2-hop,6.200828167581089,0.5,0.6058823529411764,0-2 h
354,E,HS1316585,0,18,-7.0502,7.0502,0.333333,2-hop,5.337311514832436,0.5,0.5735294117647058,0-2 h
355,E,HS1316585,0,12,-7.0502,7.0502,0.333333,2-hop,5.337311514832436,0.5,0.5735294117647058,0-2 h
356,E,HS1316643,0,6,-4.4392,4.4392,0.333333,1-hop,3.4695580140140323,0.6666666666666666,0.4117647058823529,0-2 h
357,E,HS1316643,12,12,-3.5514,3.5514,2.5,1-hop,2.437723034968023,0.6666666666666666,0.35,2-6 h
358,E,HS1316643,6,12,-5.327,5.327,8.5,1-hop,3.6506141330119326,0.6666666666666666,0.47352941176470587,6-12 h
359,E,HS1316643,12,18,-5.327,5.327,13.833333,1-hop,3.664028727854532,0.6666666666666666,0.47352941176470587,12+ h
360,E,HS1316643,0,6,-3.5514,3.5514,0.333333,1-hop,2.853674655562346,0.6666666666666666,0.35,0-2 h
361,E,HS1316721,12,12,-2.7005,2.7005,11.833333,2-hop,0.1440996793533158,0.0,0.2823529411764706,6-12 h
362,E,HS1316721,18,24,-2.7005,2.7005,9.833333,2-hop,0.17098425948460222,0.0,0.2823529411764706,6-12 h
363,E,HS1316721,0,6,-2.7005,2.7005,0.666667,2-hop,0.514306552095911,0.0,0.2823529411764706,0-2 h
364,E,HS1316721,18,18,-3.3756,3.3756,9.833333,2-hop,0.21425174641243272,0.0,0.3323529411764706,6-12 h
365,E,HS1316721,0,6,-3.3756,3.3756,0.666667,2-hop,0.6077812762223966,0.0,0.3323529411764706,0-2 h
366,E,HS1324403,18,24,-23.5511,23.5511,9.0,3+-hop,2.4047177175753207,0.20168067226890757,0.8411764705882353,6-12 h
367,E,HS1324403,18,24,-35.3267,35.3267,11.333333,2-hop,4.969751052337002,0.5,0.9235294117647059,6-12 h
368,E,HS1324403,0,24,-23.5511,23.5511,0.833333,3+-hop,2.627089866746658,0.18487394957983194,0.8411764705882353,0-2 h
369,E,HS1324403,12,24,-23.5511,23.5511,5.166667,3+-hop,2.0524406179454915,0.15966386554621848,0.8411764705882353,2-6 h
370,E,HS1324403,12,12,-29.4389,29.4389,5.166667,3+-hop,2.5579431310906178,0.19327731092436976,0.888235294117647,2-6 h
371,E,HS1344263,18,12,-3.5554,3.5554,4.0,3+-hop,0.510156786383882,0.05737704918032787,0.36764705882352944,2-6 h
372,E,HS1344263,6,12,-3.5554,3.5554,9.333333,3+-hop,0.4844174629716327,0.06557377049180328,0.36764705882352944,6-12 h
373,E,HS1344263,18,24,-3.5554,3.5554,12.5,3+-hop,0.5472866154882617,0.05737704918032787,0.36764705882352944,12+ h
374,E,HS1344263,18,18,-5.3331,5.3331,12.5,3+-hop,0.816214530030756,0.08196721311475409,0.4823529411764706,12+ h
375,E,HS1344263,12,24,-3.5554,3.5554,10.0,3+-hop,0.5105599730339039,0.05737704918032787,0.36764705882352944,6-12 h
376,E,HS2003015,0,12,-37.0449,37.0449,8.666667,3+-hop,7.0736231854644895,0.1322314049586777,0.9294117647058824,6-12 h
377,E,HS2003015,18,12,-44.4539,44.4539,11.833333,3+-hop,3.0717264168821385,0.10743801652892562,0.9676470588235294,6-12 h
378,E,HS2003015,6,12,-44.4539,44.4539,1.833333,3+-hop,0.21171878801420752,0.05785123966942149,0.9676470588235294,0-2 h
379,E,HS2003015,0,18,-29.636,29.636,8.666667,3+-hop,7.0736231854644895,0.1322314049586777,0.8970588235294118,6-12 h
380,E,HS2003015,0,24,-29.636,29.636,8.666667,3+-hop,7.0736231854644895,0.1322314049586777,0.8970588235294118,6-12 h
381,E,HS2003046,0,18,-13.3024,13.3024,2.0,3+-hop,1.0667187660722848,0.10084033613445378,0.7088235294117647,0-2 h
382,E,HS2003046,12,18,-19.9536,19.9536,14.0,3+-hop,0.7363833567002012,0.08403361344537816,0.788235294117647,12+ h
383,E,HS2003046,0,6,-16.628,16.628,2.666667,3+-hop,1.2358372514132323,0.1092436974789916,0.7382352941176471,2-6 h
384,E,HS2003046,12,18,-16.628,16.628,14.0,3+-hop,0.6229748955101536,0.06722689075630252,0.7382352941176471,12+ h
385,E,HS2003046,0,24,-13.3024,13.3024,2.0,3+-hop,1.0667187660722848,0.10084033613445378,0.7088235294117647,0-2 h
386,E,HS2003111,6,24,-11.2233,11.2233,3.333333,3+-hop,0.5425932779610386,0.08196721311475409,0.6617647058823529,2-6 h
387,E,HS2003111,6,24,-16.835,16.835,3.333333,3+-hop,0.7683421496378158,0.09836065573770492,0.7647058823529411,2-6 h
388,E,HS2003111,0,18,-16.835,16.835,2.833333,3+-hop,1.081208488858034,0.10655737704918032,0.7647058823529411,2-6 h
389,E,HS2003111,12,12,-11.2233,11.2233,9.166667,3+-hop,0.5746440381019537,0.08196721311475409,0.6617647058823529,6-12 h
390,E,HS2003111,6,6,-16.835,16.835,3.333333,3+-hop,0.7683421496378158,0.09836065573770492,0.7647058823529411,2-6 h
391,E,MH0101924,6,18,-12.1274,12.1274,0.166667,2-hop,0.798421422730465,0.16666666666666666,0.6941176470588235,0-2 h
392,E,MH0101924,6,24,-12.1274,12.1274,0.166667,2-hop,0.798421422730465,0.16666666666666666,0.6941176470588235,0-2 h
393,E,MH0101924,18,6,-15.1592,15.1592,4.833333,3+-hop,1.0819970676674162,0.10084033613445378,0.7294117647058823,2-6 h
394,E,MH0101924,0,6,-18.1911,18.1911,4.166667,2-hop,6.838689266228492,0.16666666666666666,0.7764705882352941,2-6 h
395,E,MH0101924,12,6,-12.1274,12.1274,2.5,3+-hop,0.78306195778563,0.10084033613445378,0.6941176470588235,2-6 h
396,E,MH0200661,18,6,-0.5606,0.5606,3.333333,1-hop,0.08659397080253747,0.0,0.041176470588235294,2-6 h
397,E,MH0200661,0,12,-0.8409,0.8409,6.833333,1-hop,0.18969813107091427,0.0,0.08529411764705883,6-12 h
398,E,MH0200661,12,12,-0.5606,0.5606,6.0,1-hop,0.09579169610259734,0.0,0.041176470588235294,2-6 h
399,E,MH0200661,0,24,-0.8409,0.8409,6.833333,1-hop,0.18969813107091427,0.0,0.08529411764705883,6-12 h
400,E,MH0200661,6,12,-0.5606,0.5606,11.5,1-hop,0.09481940259615126,0.0,0.041176470588235294,6-12 h
401,E,MH0201629,12,24,2.7913,2.7913,11.166667,0-hop,2.177955346956055,1.0,0.3029411764705882,6-12 h
402,E,MH0201629,12,12,2.7913,2.7913,11.166667,0-hop,2.177955346956055,1.0,0.3029411764705882,6-12 h
403,E,MH0201629,18,6,2.7913,2.7913,5.166667,0-hop,2.1781351786908223,1.0,0.3029411764705882,2-6 h
404,E,MH0201629,18,24,3.4891,3.4891,5.333333,0-hop,2.699649812888539,1.0,0.3411764705882353,2-6 h
405,E,MH0201629,0,12,2.7913,2.7913,2.5,0-hop,2.039371532487916,1.0,0.3029411764705882,2-6 h
406,E,MH0201710,18,18,-1.7246,1.7246,4.833333,2-hop,1.0960640836304112,0.3333333333333333,0.20294117647058824,2-6 h
407,E,MH0201710,0,12,-2.0695,2.0695,4.833333,2-hop,1.2321225844835035,0.3333333333333333,0.2411764705882353,2-6 h
408,E,MH0201710,6,12,-2.0695,2.0695,1.666667,2-hop,0.9224392579001043,0.3333333333333333,0.2411764705882353,0-2 h
409,E,MH0201710,12,12,-1.7246,1.7246,10.833333,2-hop,1.0982594106363637,0.3333333333333333,0.20294117647058824,6-12 h
410,E,MH0201710,6,18,-2.0695,2.0695,1.666667,2-hop,0.9224392579001043,0.3333333333333333,0.2411764705882353,0-2 h
411,E,MH0242782,12,24,-1.3871,1.3871,10.0,3+-hop,0.1949414321427656,0.008064516129032258,0.15,6-12 h
412,E,MH0242782,18,18,-1.3871,1.3871,12.5,3+-hop,0.2068065443897268,0.008064516129032258,0.15,12+ h
413,E,MH0242782,0,24,-1.1097,1.1097,1.166667,3+-hop,0.1599057033327969,0.008064516129032258,0.11470588235294117,0-2 h
414,E,MH0242782,6,18,-1.6645,1.6645,9.333333,3+-hop,0.22026444443664625,0.024193548387096774,0.18235294117647058,6-12 h
415,E,MH0242782,0,12,-1.1097,1.1097,1.166667,3+-hop,0.1599057033327969,0.008064516129032258,0.11470588235294117,0-2 h
416,E,VP0232532,0,12,-0.7202,0.7202,6.833333,2-hop,0.19818574628853813,0.0,0.058823529411764705,6-12 h
417,E,VP0232532,0,18,-0.8643,0.8643,6.5,2-hop,0.2829854283205206,0.0,0.1,6-12 h
418,E,VP0232532,12,12,-0.8643,0.8643,5.833333,2-hop,0.15634268884937513,0.0,0.1,2-6 h
419,E,VP0232532,0,6,-0.8643,0.8643,5.833333,2-hop,0.21612738044743132,0.0,0.1,2-6 h
420,E,VP0232532,6,18,-0.5762,0.5762,12.0,2-hop,0.11544233353083579,0.0,0.052941176470588235,6-12 h
